timestamp,spot_id,wave_height_min,wave_height_max,swell_period,swell_height,swell_direction,power,wave_probability,raw,source
1788159600,5842041f4e65fad6a7708e1b,1.2,1.5,14,0.99224,212.78027,271.18486,100.0,"{""timestamp"": 1788159600, ""probability"": 100, ""utcOffset"": -7, ""surf"": {""min"": 1.2, ""max"": 1.5, ""plus"": false, ""humanRelation"": ""Chest to head"", ""raw"": {""min"": 1.22, ""max"": 1.46}, ""optimalScore"": 2}, ""power"": 271.18486, ""swells"": [{""height"": 0.99224, ""period"": 14, ""impact"": 0.579, ""power"": 229.92308, ""direction"": 212.78027, ""directionMin"": 201.94523, ""optimalScore"": 1}, {""height"": 0.96384, ""period"": 7, ""impact"": 0.421, ""power"": 41.26178, ""direction"": 273.14984, ""directionMin"": 263.1348, ""optimalScore"": 0}, {""height"": 0, ""period"": 0, ""impact"": 0, ""power"": 0, ""direction"": 0, ""directionMin"": 0, ""optimalScore"": 0}, {""height"": 0, ""period"": 0, ""impact"": 0, ""power"": 0, ""direction"": 0, ""directionMin"": 0, ""optimalScore"": 0}, {""height"": 0, ""period"": 0, ""impact"": 0, ""power"": 0, ""direction"": 0, ""directionMin"": 0, ""optimalScore"": 0}, {""height"": 0, ""period"": 0, ""impact"": 0, ""power"": 0, ""direction"": 0, ""directionMin"": 0, ""optimalScore"": 0}]}",surfline
1788163200,5842041f4e65fad6a7708e1b,1.2,1.5,14,1.00826,212.33673,275.92576,100.0,"{""timestamp"": 1788163200, ""probability"": 100, ""utcOffset"": -7, ""surf"": {""min"": 1.2, ""max"": 1.5, ""plus"": false, ""humanRelation"": ""Chest to head"", ""raw"": {""min"": 1.21, ""max"": 1.45}, ""optimalScore"": 2}, ""power"": 275.92576, ""swells"": [{""height"": 1.00826, ""period"": 14, ""impact"": 0.5707, ""power"": 233.10921, ""direction"": 212.33673, ""directionMin"": 201.50912, ""optimalScore"": 1}, {""height"": 0.97605, ""period"": 7, ""impact"": 0.4293, ""power"": 42.81655, ""direction"": 273.474, ""directionMin"": 263.580505, ""optimalScore"": 0}, {""height"": 0, ""period"": 0, ""impact"": 0, ""power"": 0, ""direction"": 0, ""directionMin"": 0, ""optimalScore"": 0}, {""height"": 0, ""period"": 0, ""impact"": 0, ""power"": 0, ""direction"": 0, ""directionMin"": 0, ""optimalScore"": 0}, {""height"": 0, ""period"": 0, ""impact"": 0, ""power"": 0, ""direction"": 0, ""directionMin"": 0, ""optimalScore"": 0}, {""height"": 0, ""period"": 0, ""impact"": 0, ""power"": 0, ""direction"": 0, ""directionMin"": 0, ""optimalScore"": 0}]}",surfline
1788166800,5842041f4e65fad6a7708e1b,1.2,1.5,14,0.97384,215.35828,233.64076,100.0,"{""timestamp"": 1788166800, ""probability"": 100, ""utcOffset"": -7, ""surf"": {""min"": 1.2, ""max"": 1.5, ""plus"": false, ""humanRelation"": ""Chest to head"", ""raw"": {""min"": 1.22, ""max"": 1.46}, ""optimalScore"": 2}, ""power"": 233.64076, ""swells"": [{""height"": 0.97384, ""period"": 14, ""impact"": 0.5118, ""power"": 193.80526, ""direction"": 215.35828, ""directionMin"": 205.424845, ""optimalScore"": 1}, {""height"": 0.97871, ""period"": 7, ""impact"": 0.382, ""power"": 38.1514, ""direction"": 273.92017, ""directionMin"": 264.03661999999997, ""optimalScore"": 0}, {""height"": 0.32557, ""period"": 9, ""impact"": 0.1063, ""power"": 1.6841, ""direction"": 181.34674, ""directionMin"": 175.539555, ""optimalScore"": 0}, {""height"": 0, ""period"": 0, ""impact"": 0, ""power"": 0, ""direction"": 0, ""directionMin"": 0, ""optimalScore"": 0}, {""height"": 0, ""period"": 0, ""impact"": 0, ""power"": 0, ""direction"": 0, ""directionMin"": 0, ""optimalScore"": 0}, {""height"": 0, ""period"": 0, ""impact"": 0, ""power"": 0, ""direction"": 0, ""directionMin"": 0, ""optimalScore"": 0}]}",surfline
1788170400,5842041f4e65fad6a7708e1b,1.2,1.5,14,0.99769,214.91364,243.08085,100.0,"{""timestamp"": 1788170400, ""probability"": 100, ""utcOffset"": -7, ""surf"": {""min"": 1.2, ""max"": 1.5, ""plus"": false, ""humanRelation"": ""Chest to head"", ""raw"": {""min"": 1.23, ""max"": 1.47}, ""optimalScore"": 2}, ""power"": 243.08085, ""swells"": [{""height"": 0.99769, ""period"": 14, ""impact"": 0.5184, ""power"": 204.07963, ""direction"": 214.91364, ""directionMin"": 205.06028999999998, ""optimalScore"": 1}, {""height"": 0.97431, ""period"": 7, ""impact"": 0.3793, ""power"": 37.54344, ""direction"": 274.492, ""directionMin"": 264.58216000000004, ""optimalScore"": 0}, {""height"": 0.31764, ""period"": 8, ""impact"": 0.1023, ""power"": 1.45778, ""direction"": 178.69666, ""directionMin"": 173.832075, ""optimalScore"": 0}, {""height"": 0, ""period"": 0, ""impact"": 0, ""power"": 0, ""direction"": 0, ""directionMin"": 0, ""optimalScore"": 0}, {""height"": 0, ""period"": 0, ""impact"": 0, ""power"": 0, ""direction"": 0, ""directionMin"": 0, ""optimalScore"": 0}, {""height"": 0, ""period"": 0, ""impact"": 0, ""power"": 0, ""direction"": 0, ""directionMin"": 0, ""optimalScore"": 0}]}",surfline
1788174000,5842041f4e65fad6a7708e1b,1.2,1.5,14,1.0104,214.81958,244.32633,100.0,"{""timestamp"": 1788174000, ""probability"": 100, ""utcOffset"": -7, ""surf"": {""min"": 1.2, ""max"": 1.5, ""plus"": false, ""humanRelation"": ""Chest to head"", ""raw"": {""min"": 1.26, ""max"": 1.51}, ""optimalScore"": 2}, ""power"": 244.32633, ""swells"": [{""height"": 1.0104, ""period"": 14, ""impact"": 0.5171, ""power"": 205.99649, ""direction"": 214.81958, ""directionMin"": 204.980685, ""optimalScore"": 1}, {""height"": 0.96621, ""period"": 7, ""impact"": 0.3738, ""power"": 36.45544, ""direction"": 275.11304, ""directionMin"": 265.175545, ""optimalScore"": 0}, {""height"": 0.34448, ""period"": 9, ""impact"": 0.109, ""power"": 1.8744, ""direction"": 180.82538, ""directionMin"": 175.058385, ""optimalScore"": 0}, {""height"": 0, ""period"": 0, ""impact"": 0, ""power"": 0, ""direction"": 0, ""directionMin"": 0, ""optimalScore"": 0}, {""height"": 0, ""period"": 0, ""impact"": 0, ""power"": 0, ""direction"": 0, ""directionMin"": 0, ""optimalScore"": 0}, {""height"": 0, ""period"": 0, ""impact"": 0, ""power"": 0, ""direction"": 0, ""directionMin"": 0, ""optimalScore"": 0}]}",surfline
1788177600,5842041f4e65fad6a7708e1b,1.2,1.5,14,1.02391,214.63269,245.63732,100.0,"{""timestamp"": 1788177600, ""probability"": 100, ""utcOffset"": -7, ""surf"": {""min"": 1.2, ""max"": 1.5, ""plus"": false, ""humanRelation"": ""Chest to head"", ""raw"": {""min"": 1.28, ""max"": 1.53}, ""optimalScore"": 2}, ""power"": 245.63732, ""swells"": [{""height"": 1.02391, ""period"": 14, ""impact"": 0.5182, ""power"": 208.216, ""direction"": 214.63269, ""directionMin"": 204.810095, ""optimalScore"": 1}, {""height"": 0.95584, ""period"": 7, ""impact"": 0.3697, ""power"": 35.37156, ""direction"": 275.64276, ""directionMin"": 265.623215, ""optimalScore"": 0}, {""height"": 0.36146, ""period"": 8, ""impact"": 0.112, ""power"": 2.04976, ""direction"": 181.65991, ""directionMin"": 175.562665, ""optimalScore"": 0}, {""height"": 0, ""period"": 0, ""impact"": 0, ""power"": 0, ""direction"": 0, ""directionMin"": 0, ""optimalScore"": 0}, {""height"": 0, ""period"": 0, ""impact"": 0, ""power"": 0, ""direction"": 0, ""directionMin"": 0, ""optimalScore"": 0}, {""height"": 0, ""period"": 0, ""impact"": 0, ""power"": 0, ""direction"": 0, ""directionMin"": 0, ""optimalScore"": 0}]}",surfline
1788181200,5842041f4e65fad6a7708e1b,1.2,1.5,14,1.0436,214.10272,246.62383,100.0,"{""timestamp"": 1788181200, ""probability"": 100, ""utcOffset"": -7, ""surf"": {""min"": 1.2, ""max"": 1.5, ""plus"": false, ""humanRelation"": ""Chest to head"", ""raw"": {""min"": 1.28, ""max"": 1.53}, ""optimalScore"": 2}, ""power"": 246.62383, ""swells"": [{""height"": 1.0436, ""period"": 14, ""impact"": 0.5245, ""power"": 211.16647, ""direction"": 214.10272, ""directionMin"": 204.28940500000002, ""optimalScore"": 1}, {""height"": 0.94102, ""period"": 7, ""impact"": 0.3668, ""power"": 33.66686, ""direction"": 276.08954, ""directionMin"": 265.943455, ""optimalScore"": 0}, {""height"": 0.34958, ""period"": 8, ""impact"": 0.1087, ""power"": 1.7905, ""direction"": 180.1344, ""directionMin"": 174.138475, ""optimalScore"": 0}, {""height"": 0, ""period"": 0, ""impact"": 0, ""power"": 0, ""direction"": 0, ""directionMin"": 0, ""optimalScore"": 0}, {""height"": 0, ""period"": 0, ""impact"": 0, ""power"": 0, ""direction"": 0, ""directionMin"": 0, ""optimalScore"": 0}, {""height"": 0, ""period"": 0, ""impact"": 0, ""power"": 0, ""direction"": 0, ""directionMin"": 0, ""optimalScore"": 0}]}",surfline
1788184800,5842041f4e65fad6a7708e1b,1.2,1.5,14,1.04565,214.10632,240.09357,100.0,"{""timestamp"": 1788184800, ""probability"": 100, ""utcOffset"": -7, ""surf"": {""min"": 1.2, ""max"": 1.5, ""plus"": false, ""humanRelation"": ""Chest to head"", ""raw"": {""min"": 1.28, ""max"": 1.53}, ""optimalScore"": 2}, ""power"": 240.09357, ""swells"": [{""height"": 1.04565, ""period"": 14, ""impact"": 0.5229, ""power"": 206.33629, ""direction"": 214.10632, ""directionMin"": 204.34421, ""optimalScore"": 1}, {""height"": 0.91958, ""period"": 7, ""impact"": 0.3607, ""power"": 31.48045, ""direction"": 276.67944, ""directionMin"": 266.604805, ""optimalScore"": 0}, {""height"": 0.37777, ""period"": 8, ""impact"": 0.1165, ""power"": 2.27683, ""direction"": 181.59796, ""directionMin"": 175.341305, ""optimalScore"": 0}, {""height"": 0, ""period"": 0, ""impact"": 0, ""power"": 0, ""direction"": 0, ""directionMin"": 0, ""optimalScore"": 0}, {""height"": 0, ""period"": 0, ""impact"": 0, ""power"": 0, ""direction"": 0, ""directionMin"": 0, ""optimalScore"": 0}, {""height"": 0, ""period"": 0, ""impact"": 0, ""power"": 0, ""direction"": 0, ""directionMin"": 0, ""optimalScore"": 0}]}",surfline
1788188400,5842041f4e65fad6a7708e1b,1.2,1.5,13,1.04458,213.97449,234.36879,100.0,"{""timestamp"": 1788188400, ""probability"": 100, ""utcOffset"": -7, ""surf"": {""min"": 1.2, ""max"": 1.5, ""plus"": false, ""humanRelation"": ""Chest to head"", ""raw"": {""min"": 1.27, ""max"": 1.51}, ""optimalScore"": 2}, ""power"": 234.36879, ""swells"": [{""height"": 1.04458, ""period"": 13, ""impact"": 0.5243, ""power"": 202.51352, ""direction"": 213.97449, ""directionMin"": 204.209725, ""optimalScore"": 1}, {""height"": 0.89572, ""period"": 7, ""impact"": 0.3563, ""power"": 29.43172, ""direction"": 277.1983, ""directionMin"": 267.187175, ""optimalScore"": 0}, {""height"": 0.38597, ""period"": 8, ""impact"": 0.1194, ""power"": 2.42355, ""direction"": 181.95026, ""directionMin"": 175.33521, ""optimalScore"": 0}, {""height"": 0, ""period"": 0, ""impact"": 0, ""power"": 0, ""direction"": 0, ""directionMin"": 0, ""optimalScore"": 0}, {""height"": 0, ""period"": 0, ""impact"": 0, ""power"": 0, ""direction"": 0, ""directionMin"": 0, ""optimalScore"": 0}, {""height"": 0, ""period"": 0, ""impact"": 0, ""power"": 0, ""direction"": 0, ""directionMin"": 0, ""optimalScore"": 0}]}",surfline
1788192000,5842041f4e65fad6a7708e1b,0.9,1.4,13,1.03324,213.9613,224.27884,100.0,"{""timestamp"": 1788192000, ""probability"": 100, ""utcOffset"": -7, ""surf"": {""min"": 0.9, ""max"": 1.4, ""plus"": false, ""humanRelation"": ""Waist to shoulder"", ""raw"": {""min"": 1.19, ""max"": 1.42}, ""optimalScore"": 2}, ""power"": 224.27884, ""swells"": [{""height"": 1.03324, ""period"": 13, ""impact"": 0.5243, ""power"": 194.14212, ""direction"": 213.9613, ""directionMin"": 204.193705, ""optimalScore"": 1}, {""height"": 0.87368, ""period"": 7, ""impact"": 0.3538, ""power"": 27.62456, ""direction"": 277.47168, ""directionMin"": 267.41826, ""optimalScore"": 0}, {""height"": 0.38941, ""period"": 8, ""impact"": 0.1219, ""power"": 2.51216, ""direction"": 181.68787, ""directionMin"": 175.114, ""optimalScore"": 0}, {""height"": 0, ""period"": 0, ""impact"": 0, ""power"": 0, ""direction"": 0, ""directionMin"": 0, ""optimalScore"": 0}, {""height"": 0, ""period"": 0, ""impact"": 0, ""power"": 0, ""direction"": 0, ""directionMin"": 0, ""optimalScore"": 0}, {""height"": 0, ""period"": 0, ""impact"": 0, ""power"": 0, ""direction"": 0, ""directionMin"": 0, ""optimalScore"": 0}]}",surfline
1788195600,5842041f4e65fad6a7708e1b,1.2,1.5,13,1.01301,214.1156,209.15974,100.0,"{""timestamp"": 1788195600, ""probability"": 100, ""utcOffset"": -7, ""surf"": {""min"": 1.2, ""max"": 1.5, ""plus"": false, ""humanRelation"": ""Chest to head"", ""raw"": {""min"": 1.23, ""max"": 1.47}, ""optimalScore"": 2}, ""power"": 209.15974, ""swells"": [{""height"": 1.01301, ""period"": 13, ""impact"": 0.5225, ""power"": 180.57236, ""direction"": 214.1156, ""directionMin"": 204.33068, ""optimalScore"": 1}, {""height"": 0.85376, ""period"": 7, ""impact"": 0.3534, ""power"": 26.04791, ""direction"": 277.45343, ""directionMin"": 267.21057, ""optimalScore"": 0}, {""height"": 0.38818, ""period"": 8, ""impact"": 0.124, ""power"": 2.53947, ""direction"": 180.89685, ""directionMin"": 174.73816, ""optimalScore"": 0}, {""height"": 0, ""period"": 0, ""impact"": 0, ""power"": 0, ""direction"": 0, ""directionMin"": 0, ""optimalScore"": 0}, {""height"": 0, ""period"": 0, ""impact"": 0, ""power"": 0, ""direction"": 0, ""directionMin"": 0, ""optimalScore"": 0}, {""height"": 0, ""period"": 0, ""impact"": 0, ""power"": 0, ""direction"": 0, ""directionMin"": 0, ""optimalScore"": 0}]}",surfline
1788199200,5842041f4e65fad6a7708e1b,1.2,1.5,13,0.99631,214.38855,193.79549,100.0,"{""timestamp"": 1788199200, ""probability"": 100, ""utcOffset"": -7, ""surf"": {""min"": 1.2, ""max"": 1.5, ""plus"": false, ""humanRelation"": ""Chest to head"", ""raw"": {""min"": 1.28, ""max"": 1.53}, ""optimalScore"": 2}, ""power"": 193.79549, ""swells"": [{""height"": 0.99631, ""period"": 13, ""impact"": 0.5248, ""power"": 166.86309, ""direction"": 214.38855, ""directionMin"": 204.590435, ""optimalScore"": 1}, {""height"": 0.83345, ""period"": 7, ""impact"": 0.3488, ""power"": 24.40135, ""direction"": 277.64264, ""directionMin"": 267.359895, ""optimalScore"": 0}, {""height"": 0.38169, ""period"": 8, ""impact"": 0.1265, ""power"": 2.53105, ""direction"": 179.62445, ""directionMin"": 173.953185, ""optimalScore"": 0}, {""height"": 0, ""period"": 0, ""impact"": 0, ""power"": 0, ""direction"": 0, ""directionMin"": 0, ""optimalScore"": 0}, {""height"": 0, ""period"": 0, ""impact"": 0, ""power"": 0, ""direction"": 0, ""directionMin"": 0, ""optimalScore"": 0}, {""height"": 0, ""period"": 0, ""impact"": 0, ""power"": 0, ""direction"": 0, ""directionMin"": 0, ""optimalScore"": 0}]}",surfline
1788202800,5842041f4e65fad6a7708e1b,1.2,1.5,13,0.98229,214.8277,181.31015,100.0,"{""timestamp"": 1788202800, ""probability"": 100, ""utcOffset"": -7, ""surf"": {""min"": 1.2, ""max"": 1.5, ""plus"": false, ""humanRelation"": ""Chest to head"", ""raw"": {""min"": 1.28, ""max"": 1.53}, ""optimalScore"": 2}, ""power"": 181.31015, ""swells"": [{""height"": 0.98229, ""period"": 13, ""impact"": 0.5213, ""power"": 155.50402, ""direction"": 214.8277, ""directionMin"": 204.99999499999998, ""optimalScore"": 1}, {""height"": 0.81602, ""period"": 7, ""impact"": 0.3468, ""power"": 22.97386, ""direction"": 278.23041, ""directionMin"": 268.09404, ""optimalScore"": 0}, {""height"": 0.39491, ""period"": 8, ""impact"": 0.1319, ""power"": 2.83227, ""direction"": 180.5509, ""directionMin"": 174.56094000000002, ""optimalScore"": 0}, {""height"": 0, ""period"": 0, ""impact"": 0, ""power"": 0, ""direction"": 0, ""directionMin"": 0, ""optimalScore"": 0}, {""height"": 0, ""period"": 0, ""impact"": 0, ""power"": 0, ""direction"": 0, ""directionMin"": 0, ""optimalScore"": 0}, {""height"": 0, ""period"": 0, ""impact"": 0, ""power"": 0, ""direction"": 0, ""directionMin"": 0, ""optimalScore"": 0}]}",surfline
1788206400,5842041f4e65fad6a7708e1b,1.2,1.5,12,0.99696,214.00507,188.70039,100.0,"{""timestamp"": 1788206400, ""probability"": 100, ""utcOffset"": -7, ""surf"": {""min"": 1.2, ""max"": 1.5, ""plus"": false, ""humanRelation"": ""Chest to head"", ""raw"": {""min"": 1.25, ""max"": 1.5}, ""optimalScore"": 2}, ""power"": 188.70039, ""swells"": [{""height"": 0.99696, ""period"": 12, ""impact"": 0.5411, ""power"": 164.50092, ""direction"": 214.00507, ""directionMin"": 204.01450499999999, ""optimalScore"": 1}, {""height"": 0.80454, ""period"": 7, ""impact"": 0.3523, ""power"": 22.55792, ""direction"": 278.75226, ""directionMin"": 268.53817, ""optimalScore"": 0}, {""height"": 0.34471, ""period"": 8, ""impact"": 0.1066, ""power"": 1.64155, ""direction"": 177.4137, ""directionMin"": 171.431365, ""optimalScore"": 0}, {""height"": 0, ""period"": 0, ""impact"": 0, ""power"": 0, ""direction"": 0, ""directionMin"": 0, ""optimalScore"": 0}, {""height"": 0, ""period"": 0, ""impact"": 0, ""power"": 0, ""direction"": 0, ""directionMin"": 0, ""optimalScore"": 0}, {""height"": 0, ""period"": 0, ""impact"": 0, ""power"": 0, ""direction"": 0, ""directionMin"": 0, ""optimalScore"": 0}]}",surfline
1788210000,5842041f4e65fad6a7708e1b,1.2,1.5,12,0.97694,215.20917,176.23736,100.0,"{""timestamp"": 1788210000, ""probability"": 100, ""utcOffset"": -7, ""surf"": {""min"": 1.2, ""max"": 1.5, ""plus"": false, ""humanRelation"": ""Chest to head"", ""raw"": {""min"": 1.23, ""max"": 1.47}, ""optimalScore"": 2}, ""power"": 176.23736, ""swells"": [{""height"": 0.97694, ""period"": 12, ""impact"": 0.5252, ""power"": 152.5909, ""direction"": 215.20917, ""directionMin"": 205.31586, ""optimalScore"": 1}, {""height"": 0.79198, ""period"": 7, ""impact"": 0.3421, ""power"": 20.86749, ""direction"": 279.35052, ""directionMin"": 268.88888000000003, ""optimalScore"": 0}, {""height"": 0.38984, ""period"": 8, ""impact"": 0.1326, ""power"": 2.77897, ""direction"": 178.72614, ""directionMin"": 173.11985499999997, ""optimalScore"": 0}, {""height"": 0, ""period"": 0, ""impact"": 0, ""power"": 0, ""direction"": 0, ""directionMin"": 0, ""optimalScore"": 0}, {""height"": 0, ""period"": 0, ""impact"": 0, ""power"": 0, ""direction"": 0, ""directionMin"": 0, ""optimalScore"": 0}, {""height"": 0, ""period"": 0, ""impact"": 0, ""power"": 0, ""direction"": 0, ""directionMin"": 0, ""optimalScore"": 0}]}",surfline
1788213600,5842041f4e65fad6a7708e1b,1.2,1.5,12,1.04411,210.27094,224.82214,100.0,"{""timestamp"": 1788213600, ""probability"": 100, ""utcOffset"": -7, ""surf"": {""min"": 1.2, ""max"": 1.5, ""plus"": false, ""humanRelation"": ""Chest to head"", ""raw"": {""min"": 1.23, ""max"": 1.47}, ""optimalScore"": 2}, ""power"": 224.82214, ""swells"": [{""height"": 1.04411, ""period"": 12, ""impact"": 0.6122, ""power"": 202.19621, ""direction"": 210.27094, ""directionMin"": 198.827575, ""optimalScore"": 1}, {""height"": 0.78257, ""period"": 7, ""impact"": 0.3878, ""power"": 22.62593, ""direction"": 279.77271, ""directionMin"": 268.9312, ""optimalScore"": 0}, {""height"": 0, ""period"": 0, ""impact"": 0, ""power"": 0, ""direction"": 0, ""directionMin"": 0, ""optimalScore"": 0}, {""height"": 0, ""period"": 0, ""impact"": 0, ""power"": 0, ""direction"": 0, ""directionMin"": 0, ""optimalScore"": 0}, {""height"": 0, ""period"": 0, ""impact"": 0, ""power"": 0, ""direction"": 0, ""directionMin"": 0, ""optimalScore"": 0}, {""height"": 0, ""period"": 0, ""impact"": 0, ""power"": 0, ""direction"": 0, ""directionMin"": 0, ""optimalScore"": 0}]}",surfline
1788217200,5842041f4e65fad6a7708e1b,0.9,1.4,12,1.03044,209.96442,217.438,100.0,"{""timestamp"": 1788217200, ""probability"": 100, ""utcOffset"": -7, ""surf"": {""min"": 0.9, ""max"": 1.4, ""plus"": false, ""humanRelation"": ""Waist to shoulder"", ""raw"": {""min"": 1.17, ""max"": 1.4}, ""optimalScore"": 2}, ""power"": 217.438, ""swells"": [{""height"": 1.03044, ""period"": 12, ""impact"": 0.6115, ""power"": 195.40147, ""direction"": 209.96442, ""directionMin"": 198.508805, ""optimalScore"": 1}, {""height"": 0.77748, ""period"": 7, ""impact"": 0.3885, ""power"": 22.03653, ""direction"": 280.08289, ""directionMin"": 268.935425, ""optimalScore"": 0}, {""height"": 0, ""period"": 0, ""impact"": 0, ""power"": 0, ""direction"": 0, ""directionMin"": 0, ""optimalScore"": 0}, {""height"": 0, ""period"": 0, ""impact"": 0, ""power"": 0, ""direction"": 0, ""directionMin"": 0, ""optimalScore"": 0}, {""height"": 0, ""period"": 0, ""impact"": 0, ""power"": 0, ""direction"": 0, ""directionMin"": 0, ""optimalScore"": 0}, {""height"": 0, ""period"": 0, ""impact"": 0, ""power"": 0, ""direction"": 0, ""directionMin"": 0, ""optimalScore"": 0}]}",surfline
1788220800,5842041f4e65fad6a7708e1b,0.9,1.4,12,1.02129,210.06232,210.78307,100.0,"{""timestamp"": 1788220800, ""probability"": 100, ""utcOffset"": -7, ""surf"": {""min"": 0.9, ""max"": 1.4, ""plus"": false, ""humanRelation"": ""Waist to shoulder"", ""raw"": {""min"": 1.15, ""max"": 1.37}, ""optimalScore"": 2}, ""power"": 210.78307, ""swells"": [{""height"": 1.02129, ""period"": 12, ""impact"": 0.6147, ""power"": 190.31959, ""direction"": 210.06232, ""directionMin"": 198.28212, ""optimalScore"": 1}, {""height"": 0.75707, ""period"": 7, ""impact"": 0.3853, ""power"": 20.46348, ""direction"": 280.02899, ""directionMin"": 268.72546, ""optimalScore"": 0}, {""height"": 0, ""period"": 0, ""impact"": 0, ""power"": 0, ""direction"": 0, ""directionMin"": 0, ""optimalScore"": 0}, {""height"": 0, ""period"": 0, ""impact"": 0, ""power"": 0, ""direction"": 0, ""directionMin"": 0, ""optimalScore"": 0}, {""height"": 0, ""period"": 0, ""impact"": 0, ""power"": 0, ""direction"": 0, ""directionMin"": 0, ""optimalScore"": 0}, {""height"": 0, ""period"": 0, ""impact"": 0, ""power"": 0, ""direction"": 0, ""directionMin"": 0, ""optimalScore"": 0}]}",surfline
1788224400,5842041f4e65fad6a7708e1b,0.9,1.4,12,0.89356,217.82697,139.13723,100.0,"{""timestamp"": 1788224400, ""probability"": 100, ""utcOffset"": -7, ""surf"": {""min"": 0.9, ""max"": 1.4, ""plus"": false, ""humanRelation"": ""Waist to shoulder"", ""raw"": {""min"": 1.04, ""max"": 1.35}, ""optimalScore"": 2}, ""power"": 139.13723, ""swells"": [{""height"": 0.89356, ""period"": 12, ""impact"": 0.5099, ""power"": 117.27304, ""direction"": 217.82697, ""directionMin"": 207.88925999999998, ""optimalScore"": 1}, {""height"": 0.73913, ""period"": 7, ""impact"": 0.3274, ""power"": 16.34696, ""direction"": 279.81329, ""directionMin"": 268.45034499999997, ""optimalScore"": 0}, {""height"": 0.46838, ""period"": 9, ""impact"": 0.1627, ""power"": 5.51723, ""direction"": 180.57324, ""directionMin"": 174.369995, ""optimalScore"": 0}, {""height"": 0, ""period"": 0, ""impact"": 0, ""power"": 0, ""direction"": 0, ""directionMin"": 0, ""optimalScore"": 0}, {""height"": 0, ""period"": 0, ""impact"": 0, ""power"": 0, ""direction"": 0, ""directionMin"": 0, ""optimalScore"": 0}, {""height"": 0, ""period"": 0, ""impact"": 0, ""power"": 0, ""direction"": 0, ""directionMin"": 0, ""optimalScore"": 0}]}",surfline
1788228000,5842041f4e65fad6a7708e1b,0.9,1.4,11,0.88993,217.711,123.72599,100.0,"{""timestamp"": 1788228000, ""probability"": 100, ""utcOffset"": -7, ""surf"": {""min"": 0.9, ""max"": 1.4, ""plus"": false, ""humanRelation"": ""Waist to shoulder"", ""raw"": {""min"": 1.01, ""max"": 1.31}, ""optimalScore"": 2}, ""power"": 123.72599, ""swells"": [{""height"": 0.88993, ""period"": 11, ""impact"": 0.5081, ""power"": 103.20307, ""direction"": 217.711, ""directionMin"": 207.75021, ""optimalScore"": 0}, {""height"": 0.72413, ""period"": 7, ""impact"": 0.3304, ""power"": 15.55364, ""direction"": 279.37408, ""directionMin"": 267.78639, ""optimalScore"": 0}, {""height"": 0.44983, ""period"": 9, ""impact"": 0.1615, ""power"": 4.96928, ""direction"": 178.02112, ""directionMin"": 172.76353, ""optimalScore"": 0}, {""height"": 0, ""period"": 0, ""impact"": 0, ""power"": 0, ""direction"": 0, ""directionMin"": 0, ""optimalScore"": 0}, {""height"": 0, ""period"": 0, ""impact"": 0, ""power"": 0, ""direction"": 0, ""directionMin"": 0, ""optimalScore"": 0}, {""height"": 0, ""period"": 0, ""impact"": 0, ""power"": 0, ""direction"": 0, ""directionMin"": 0, ""optimalScore"": 0}]}",surfline
1788231600,5842041f4e65fad6a7708e1b,0.9,1.4,11,0.71277,214.28979,81.3564,100.0,"{""timestamp"": 1788231600, ""probability"": 100, ""utcOffset"": -7, ""surf"": {""min"": 0.9, ""max"": 1.4, ""plus"": false, ""humanRelation"": ""Waist to shoulder"", ""raw"": {""min"": 1.01, ""max"": 1.31}, ""optimalScore"": 2}, ""power"": 81.3564, ""swells"": [{""height"": 0.71277, ""period"": 11, ""impact"": 0.3237, ""power"": 39.22101, ""direction"": 214.28979, ""directionMin"": 203.40249, ""optimalScore"": 0}, {""height"": 0.70696, ""period"": 7, ""impact"": 0.2574, ""power"": 11.34865, ""direction"": 279.34937, ""directionMin"": 267.86131, ""optimalScore"": 0}, {""height"": 0.45307, ""period"": 9, ""impact"": 0.1295, ""power"": 4.0285, ""direction"": 178.29602, ""directionMin"": 172.856325, ""optimalScore"": 0}, {""height"": 0.51801, ""period"": 13, ""impact"": 0.2895, ""power"": 26.75824, ""direction"": 224.17664, ""directionMin"": 216.77521, ""optimalScore"": 0}, {""height"": 0, ""period"": 0, ""impact"": 0, ""power"": 0, ""direction"": 0, ""directionMin"": 0, ""optimalScore"": 0}, {""height"": 0, ""period"": 0, ""impact"": 0, ""power"": 0, ""direction"": 0, ""directionMin"": 0, ""optimalScore"": 0}]}",surfline
1788235200,5842041f4e65fad6a7708e1b,0.9,1.2,11,0.72314,213.2467,73.36308,100.0,"{""timestamp"": 1788235200, ""probability"": 100, ""utcOffset"": -7, ""surf"": {""min"": 0.9, ""max"": 1.2, ""plus"": false, ""humanRelation"": ""Waist to chest"", ""raw"": {""min"": 0.98, ""max"": 1.17}, ""optimalScore"": 2}, ""power"": 73.36308, ""swells"": [{""height"": 0.72314, ""period"": 11, ""impact"": 0.3035, ""power"": 37.97153, ""direction"": 213.2467, ""directionMin"": 202.96017, ""optimalScore"": 0}, {""height"": 0.69342, ""period"": 7, ""impact"": 0.2342, ""power"": 9.84589, ""direction"": 279.49255, ""directionMin"": 267.976345, ""optimalScore"": 0}, {""height"": 0.45853, ""period"": 9, ""impact"": 0.1207, ""power"": 3.80436, ""direction"": 178.34595, ""directionMin"": 172.775895, ""optimalScore"": 0}, {""height"": 0.48485, ""period"": 13, ""impact"": 0.2606, ""power"": 21.41486, ""direction"": 227.8833, ""directionMin"": 220.39854, ""optimalScore"": 0}, {""height"": 0.0751, ""period"": 19, ""impact"": 0.081, ""power"": 0.32644, ""direction"": 242.24591, ""directionMin"": 236.184985, ""optimalScore"": 0}, {""height"": 0, ""period"": 0, ""impact"": 0, ""power"": 0, ""direction"": 0, ""directionMin"": 0, ""optimalScore"": 0}]}",surfline
1788238800,5842041f4e65fad6a7708e1b,0.6,1.1,11,0.86765,204.12219,97.07412,,"{""timestamp"": 1788238800, ""probability"": null, ""utcOffset"": -7, ""surf"": {""min"": 0.6, ""max"": 1.1, ""plus"": false, ""humanRelation"": ""Thigh to stomach"", ""raw"": {""min"": 0.95, ""max"": 1.14}, ""optimalScore"": 2}, ""power"": 97.07412, ""swells"": [{""height"": 0.86765, ""period"": 11, ""impact"": 0.3661, ""power"": 65.45448, ""direction"": 204.12219, ""directionMin"": 191.615525, ""optimalScore"": 0}, {""height"": 0.67337, ""period"": 7, ""impact"": 0.258, ""power"": 10.10447, ""direction"": 279.18164, ""directionMin"": 267.68231000000003, ""optimalScore"": 0}, {""height"": 0, ""period"": 0, ""impact"": 0, ""power"": 0, ""direction"": 0, ""directionMin"": 0, ""optimalScore"": 0}, {""height"": 0.46179, ""period"": 13, ""impact"": 0.2832, ""power"": 21.12493, ""direction"": 227.71387, ""directionMin"": 220.33754499999998, ""optimalScore"": 0}, {""height"": 0.07659, ""period"": 19, ""impact"": 0.0928, ""power"": 0.39024, ""direction"": 242.06812, ""directionMin"": 235.96013, ""optimalScore"": 0}, {""height"": 0, ""period"": 0, ""impact"": 0, ""power"": 0, ""direction"": 0, ""directionMin"": 0, ""optimalScore"": 0}]}",surfline
1788242400,5842041f4e65fad6a7708e1b,0.6,1.1,11,0.78505,209.89191,77.38469,,"{""timestamp"": 1788242400, ""probability"": null, ""utcOffset"": -7, ""surf"": {""min"": 0.6, ""max"": 1.1, ""plus"": false, ""humanRelation"": ""Thigh to stomach"", ""raw"": {""min"": 0.94, ""max"": 1.12}, ""optimalScore"": 2}, ""power"": 77.38469, ""swells"": [{""height"": 0.78505, ""period"": 11, ""impact"": 0.3297, ""power"": 47.9836, ""direction"": 209.89191, ""directionMin"": 198.86708, ""optimalScore"": 0}, {""height"": 0.65988, ""period"": 7, ""impact"": 0.237, ""power"": 8.82055, ""direction"": 278.83929, ""directionMin"": 267.585675, ""optimalScore"": 0}, {""height"": 0.35262, ""period"": 8, ""impact"": 0.0885, ""power"": 1.4153, ""direction"": 172.96729, ""directionMin"": 168.33378499999998, ""optimalScore"": 0}, {""height"": 0.45733, ""period"": 13, ""impact"": 0.2572, ""power"": 18.78618, ""direction"": 227.47528, ""directionMin"": 220.14718, ""optimalScore"": 0}, {""height"": 0.07763, ""period"": 19, ""impact"": 0.0876, ""power"": 0.37906, ""direction"": 241.94922, ""directionMin"": 235.798495, ""optimalScore"": 0}, {""height"": 0, ""period"": 0, ""impact"": 0, ""power"": 0, ""direction"": 0, ""directionMin"": 0, ""optimalScore"": 0}]}",surfline
